{
  "properties": {
    "Age": {
      "type": "long"
    },
    "AgeWhenReceived": {
      "type": "keyword"
    },
    "BlackVictim": {
      "type": "keyword"
    },
    "Codefendants": {
      "type": "keyword"
    },
    "CountyOfConviction": {
      "type": "keyword"
    },
    "EducationLevel": {
      "type": "keyword"
    },
    "Execution": {
      "type": "long"
    },
    "FemaleVictim": {
      "type": "keyword"
    },
    "FirstName": {
      "type": "keyword"
    },
    "HispanicVictim": {
      "type": "keyword"
    },
    "LastName": {
      "type": "keyword"
    },
    "LastStatement": {
      "type": "text"
    },
    "MaleVictim": {
      "type": "keyword"
    },
    "NativeCounty ": {
      "type": "keyword"
    },
    "NumberVictim": {
      "type": "keyword"
    },
    "PreviousCrime": {
      "type": "keyword"
    },
    "Race": {
      "type": "keyword"
    },
    "TDCJNumber": {
      "type": "long"
    },
    "VictimOther Races": {
      "type": "keyword"
    },
    "WhiteVictim": {
      "type": "keyword"
    }
  }
}